{
  "temperature": 3.0,
  "ece_before": 0.5431971029487843,
  "ece_after": 0.5427331594089384
}